{"options":{"check_for_updates":true,"comment":null,"compatopts_for_requires":true,"compat_wrappedjsobject":false,"compat_metadata":false,"compat_foreach":false,"compat_powerful_this":null,"sandbox":null,"noframes":null,"unwrap":null,"run_at":null,"tab_types":null,"override":{"use_includes":[],"orig_includes":[],"merge_includes":true,"use_matches":[],"orig_matches":["*://*/*"],"merge_matches":true,"use_excludes":[],"orig_excludes":["*.youtube.com*","*docs.google.com*","*google*/maps/*","*mail.google.com*","*accounts.google.com*"],"merge_excludes":true,"use_connects":[],"orig_connects":["*"],"merge_connects":true,"use_blockers":[],"orig_run_at":"document-end","orig_noframes":true}},"settings":{"enabled":true,"position":81},"meta":{"name":"圖片全載-FancyboxV5","uuid":"c908a412-0fca-44ab-94f1-d86bc1166533","modified":1739594059693}}