视频 ID,播放列表视频创建时间戳
Dh0jzkCtnLY,2019-12-06T12:00:59+00:00
s5XSKI4kBms,2019-12-06T12:04:29+00:00
5bTQAOEHSRs,2019-12-06T12:10:03+00:00
oCGQRSqquoQ,2019-12-29T08:10:15+00:00
Q2U9tcRUIbM,2019-12-29T08:26:13+00:00
RBQllqvijdo,2019-12-29T08:27:18+00:00
BWOMfZTWHs8,2020-01-17T15:52:23+00:00
VHZzbjOsa3w,2020-03-25T12:14:28+00:00
LGjCQGtkSCE,2020-04-08T17:46:43+00:00
T9rabJA8PrY,2020-04-08T17:54:57+00:00
dGPqdnOzgQ8,2020-05-31T12:11:15+00:00
KFnz-9XWX1M,2020-06-02T14:03:56+00:00
l7mIlKmuOhY,2020-06-03T14:01:10+00:00
L1MGyE6N9UU,2020-06-06T12:51:56+00:00
Ve9EGGzfYvQ,2020-06-16T12:36:16+00:00
SEf-8gfRlHw,2020-06-16T12:46:50+00:00
LpVDUFFY4G0,2020-06-16T12:48:55+00:00
UjiIoz85KX4,2020-07-07T12:29:32+00:00
1ABZYo79RI8,2020-07-07T12:43:52+00:00
UpQS4MKnhy4,2020-07-20T15:29:14+00:00
jRngLphazJA,2020-08-27T16:59:35+00:00
WcNs6NzO6Zo,2020-11-05T17:00:06+00:00
wTGSSp3vXWQ,2020-11-21T11:49:09+00:00
dqwWLjoHTvw,2020-11-21T11:49:28+00:00
NWWYq5oL3hU,2020-12-23T12:48:39+00:00
UtAbSKxv7eE,2021-03-09T12:19:21+00:00
NgmDOBSrlm4,2021-03-09T12:19:52+00:00
XVimo9a2I7A,2021-04-15T11:58:32+00:00
 -pIJiG3fZq8,2021-04-15T12:19:07+00:00
Nwinreb1Ciw,2021-05-21T12:47:28+00:00
0Evm_LrhJlM,2021-05-22T18:25:50+00:00
PWxcPd9BCQc,2021-06-01T12:27:42+00:00
swp_pY9oOyQ,2021-06-01T13:01:13+00:00
fuJfQUYNaMQ,2021-06-06T17:54:51+00:00
O_NT_y7qbD0,2021-06-08T12:31:32+00:00
5ovGttn-4R8,2021-06-08T12:36:06+00:00
rFKBOV5pk00,2021-06-08T12:46:46+00:00
fFCQIqD8h-4,2021-06-08T16:50:29+00:00
ahQpcbHqJTI,2021-06-08T17:13:50+00:00
d_t2bQTB5dI,2021-06-08T17:21:51+00:00
i8Vd5JBOaF0,2021-06-08T17:22:34+00:00
Nx1ijEvR8Bg,2021-06-08T17:31:53+00:00
zzjQZsZ1AzA,2021-06-09T14:16:53+00:00
eCiCOlACncg,2021-06-10T16:23:34+00:00
uBNWnZ3lTfo,2021-06-10T16:24:20+00:00
OGT5O-F6aUc,2021-06-20T12:55:29+00:00
96Bto-rLAZU,2021-06-23T17:23:31+00:00
sI4jF2gHOSY,2021-06-24T17:31:28+00:00
tkjt8NOdy-g,2021-07-03T12:26:26+00:00
t97Cl25iFMo,2023-05-21T09:41:30+00:00
SPc2f-92wUA,2023-10-12T04:18:29+00:00
iXOHd5K2rho,2023-11-18T07:24:52+00:00
ygmhHxSalGc,2024-08-08T06:47:29+00:00
6ln_HLnK8Gc,2024-08-08T06:48:34+00:00
USXEt5WeKM0,2024-08-08T06:48:53+00:00





